[
  {
    "Name": "План-график по утверждению корректировки ФЦП ГЛОНАСС (приведение ресурсного обеспечения ФЦП ГЛОНАСС в соответствии с федеральным законом о федеральном бюджете)",
    "Date": "20.12.2016",
    "DateTime": [
      {
        "UID": "1",
        "Name": "Обнародование Федерального закона <br>о федеральном бюджете на 2017-2019",
        "type": "dot",
        "Parent_UID": "",
        "SORT": 100
      },
      {
        "UID": "2",
        "Name": "Подготовка проекта корректировки ФЦП <br>с учетом ФЗ о ФБ",
        "Period": "15",
        "type": "line",
        "Parent_UID": "1",
        "SORT": 200
      },
      {
        "UID": "3",
        "Name": "Согласование проекта корректировки ФЦП госзаказчиками, <br>Минвостокразвития России, Минобрнауки России, РАН",
        "Period": "15",
        "type": "line",
        "Parent_UID": "2",
        "SORT": 300
      },
      {
        "UID": "4",
        "Name": "Предоставление ТЭО госазаказчиками <br>в ГК &#171;Роскосмос&#187;",
        "Period": "15",
        "type": "line",
        "Parent_UID": "2",
        "SORT": 400
      },
      {
        "UID": "5",
        "Name": "Согласование проекта корректировки ФЦП <br>ВПК России",
        "Period": "21",
        "type": "line",
        "Parent_UID": "2",
        "SORT": 500
      },
      {
        "UID": "6",
        "Name": "Согласование проекта корректировки ФЦП <br>Минэкономразвития России",
        "Period": "45",
        "type": "line",
        "Parent_UID": "3, 4, 5",
        "SORT": 600
      },
      {
        "UID": "7",
        "Name": " Согласование проекта корректировки ФЦП <br>Минфином России",
        "Period": "30",
        "type": "line",
        "Parent_UID": "6",
        "SORT": 700
      },
      {
        "UID": "8",
        "Name": "Согласование проекта корректировки ФЦП <br>Минюстом России",
        "Period": "15",
        "type": "line",
        "Parent_UID": "7",
        "SORT": 800
      },
      {
        "UID": "9",
        "Name": "Представление проекта корректировки ФЦП Минэкономразвития России в Правительство РФ",
        "Period": "15",
        "type": "line",
        "Parent_UID": "8",
        "SORT": 900
      },
      {
        "UID": "10",
        "Name": "Утверждение корректировки ФЦП Правительством РФ",
        "Period": "30",
        "type": "line",
        "Parent_UID": "9",
        "SORT": 1000
      },
      {
        "UID": "11",
        "Name": "Выход Постановления",
        "type": "dot",
        "Parent_UID": "10",
        "SORT": "1100"
      },
      {
        "UID": "12",
        "Name": "Внесение изменений <br>в сводную бюджетную роспись",
        "Period": "21",
        "type": "line",
        "Parent_UID": "3, 4, 5",
        "SORT": 1200
      },
      {
        "UID": "13",
        "Name": "Внесение в коллегию ВПК предложений <br>о внесении изменений в ГОЗ 2017 ",
        "Period": "30",
        "type": "line",
        "Parent_UID": "12",
        "SORT": 1300
      },
      {
        "UID": "14",
        "Name": "Одобрение коллегией ВПК изменений в ГОЗ <br>на основании проекта корректировки",
        "type": "dot",
        "Parent_UID": "13",
        "SORT": 1400
      }
    ]
  }
]