[
  {
    "Name": "План-график по утверждению корректировки ФЦП ГЛОНАСС",
    "DateTime": [
      {
        "UID": "1",
        "Name": "Обнародование федерального закона о федеральном бюджете на 2017-2019",
        "type": "dot",
        "Parent_UID": ""
      },
      {
        "UID": "3",
        "Name": "Согласование проекта корректировки ФЦП госзаказчиками, Минвостокразвития России, Минобрнауки России, РАН",
        "Period": "15",
        "type": "line",
        "Parent_UID": "1"
      },
      {
        "UID": "4",
        "Name": "Предоставление ТЭО госазаказчиками в ГК Роскосмос",
        "Period": "15",
        "type": "line",
        "Parent_UID": "1"
      },
      {
        "UID": "5",
        "Name": "Согласование проекта корректировки ФЦП ВПК России",
        "Period": "21",
        "type": "line",
        "Parent_UID": "1"
      },
      {
        "UID": "6",
        "Name": "Согласование проекта корректировки ФЦП  Минэкономразвития России",
        "Period": "45",
        "type": "line",
        "Parent_UID": "5"
      },
      {
        "UID": "7",
        "Name": " Согласование проекта корректировки ФЦП Минфином России",
        "Period": "30",
        "type": "line",
        "Parent_UID": "6"
      },
      {
        "UID": "8",
        "Name": "Согласование проекта корректировки ФЦП Минюстом России",
        "Period": "15",
        "type": "line",
        "Parent_UID": "7"
      },
      {
        "UID": "9",
        "Name": "Представление проекта корректировки ФЦП Минэкономразвития России в Правительство РФ",
        "Period": "15",
        "type": "line",
        "Parent_UID": "8"
      },
      {
        "UID": "10",
        "Name": "Утверждение корректировки ФЦП Правительством РФ",
        "Period": "30",
        "type": "line",
        "Parent_UID": "9"
      },
      {
        "UID": "11",
        "Name": "Выход Постановления",
        "type": "dot",
        "Parent_UID": "10"
      },
      {
        "UID": "12",
        "Name": "Внесение изменений в сводную бюджетную роспись",
        "Period": "21",
        "type": "line",
        "Parent_UID": "5"
      },
      {
        "UID": "13",
        "Name": "Внесение в коллегию ВПК предложений о внесении изменений в государственный оборонный заказ (ГОЗ) 2017 ",
        "Period": "30",
        "type": "line",
        "Parent_UID": "12"
      },
      {
        "UID": "14",
        "Name": "Одобрение коллегией ВПК изменений в ГОЗ на основании проекта корректировки",
        "type": "dot",
        "Parent_UID": "13"
      }
    ]
  }
]