[
  {
    "Name": "План-график по утверждению корректировки ФЦП ГЛОНАСС",
    "DateTime": [
      {
        "Name": "Обнародование Федерального закона о федеральном бюджете на 2017-2019",
        "DateStart": "20.12.2016",
        "type": "dot"
      },
      {
        "Name": "Подготовка проекта корректировки ФЦП с учетом ФЗ",
        "Period": "",
        "DateStart": "21.12.2016",
        "DateStop": "17.03.2017",
        "type": "line"
      },
      {
        "Name": "Согласование проекта корректировки ФЦП госзаказчиками, Минобрнауки, Минвостокразвития, РАН",
        "Period": "",
        "DateStart": "17.03.2017",
        "DateStop": "31.03.2017",
        "type": "line"
      },
      {
        "Name": "Предоставление ТЭО госазаказчиками в ГК Роскосмос",
        "Period": "",
        "DateStart": "17.03.2017",
        "DateStop": "31.03.2017",
        "type": "line"
      },
      {
        "Name": "Формирование общего ТЭО для предоставления в Минэкономразвития",
        "Period": "",
        "DateStart": "31.03.2017",
        "DateStop": "14.04.2017",
        "type": "line"
      },
      {
        "Name": "Согласование проекта корректировки ФЦП Минэкономразвития",
        "Period": "",
        "DateStart": "14.04.2017",
        "DateStop": "19.05.2017",
        "type": "line"
      },
      {
        "Name": "Согласование проекта корректировки ФЦП ВПК",
        "Period": "",
        "DateStart": "19.05.2017",
        "DateStop": "02.06.2017",
        "type": "line"
      },
      {
        "Name": "Согласование проекта корректировки ФЦП Минфином России",
        "Period": "",
        "DateStart": "19.05.2017",
        "DateStop": "16.06.2017",
        "type": "line"
      },
      {
        "Name": "Согласование проекта корректировки ФЦП Минюстом России",
        "Period": "",
        "DateStart": "16.06.2017",
        "DateStop": "30.06.2017",
        "type": "line"
      },
      {
        "Name": "Представление проекта корректировки ФЦП Минэкономразвития России в Правительство РФ",
        "Period": "",
        "DateStart": "30.06.2017",
        "DateStop": "14.07.2017",
        "type": "line"
      },
      {
        "Name": "Утверждение корректировки ФЦП Правительством РФ",
        "Period": "",
        "DateStart": "14.07.2017",
        "DateStop": "10.08.2017",
        "type": "line"
      },
      {
        "Name": "Выход Постановления",
        "DateStart": "10.08.2017",
        "type": "dot"
      },
      {
        "Name": "Внесение изменений в СБР",
        "Period": "",
        "DateStart": "11.08.2017",
        "DateStop": "31.08.2017",
        "type": "line"
      },
      {
        "Name": "Внесение в коллегию ВПК предложений о внесении изменений в ГОЗ 2017 ",
        "Period": "",
        "DateStart": "31.08.2017",
        "DateStop": "30.09.2017",
        "type": "line"
      },
      {
        "Name": "Одобрение коллегией ВПК изменений в ГОЗ на основании проекта корректировки",
        "DateStart": "30.09.2017",
        "type": "dot"
      }
    ]
  }
]